id,Rehnquist,Stevens,OConnor,Scalia,Kennedy,Souter,Thomas,Ginsburg,Breyer
1,0,1,0,0,0,0,0,0,0
2,0,0,0,0,0,0,0,0,0
3,0,0,0,0,0,0,0,0,0
4,1,1,1,1,1,1,1,1,1
5,0,1,0,0,1,1,0,1,1
6,0,0,0,0,0,0,,0,0
7,1,1,1,0,1,1,0,1,1
8,0,1,0,0,0,0,0,,0
9,0,0,0,0,0,0,0,0,0
10,1,1,1,1,1,1,1,1,1
11,0,0,0,0,0,0,0,0,0
12,0,0,0,0,0,0,0,0,0
13,0,0,0,0,0,0,0,0,0
14,0,1,0,1,1,1,0,1,0
15,0,1,0,0,0,0,0,1,1
16,0,1,0,0,0,0,0,0,0
17,0,1,0,0,0,1,0,0,0
18,1,0,0,,1,1,0,1,1
19,0,0,0,0,0,0,0,0,0
20,0,0,0,0,0,0,0,0,0
21,1,1,1,0,1,1,0,1,1
22,0,1,1,0,0,1,0,1,1
23,1,1,1,1,1,1,1,1,1
24,0,1,0,0,0,0,0,0,0
25,1,1,0,1,1,1,1,1,1
26,0,0,0,0,0,0,0,0,0
27,0,1,1,0,1,1,0,1,1
28,0,1,1,0,1,1,0,1,1
29,0,1,1,0,1,1,0,1,1
30,0,1,0,0,0,0,0,0,0
31,1,,1,1,1,1,1,1,
32,1,,1,1,1,1,1,1,
33,0,0,0,0,0,0,0,0,0
34,0,0,1,0,0,0,0,0,1
35,0,0,1,0,0,0,0,0,1
36,0,0,0,0,0,0,0,0,0
37,0,0,0,1,0,0,1,1,1
38,0,1,0,0,0,0,0,1,0
39,0,0,0,0,0,0,0,0,0
40,1,1,1,1,1,1,0,1,1
41,0,0,0,0,0,0,0,0,0
42,0,0,1,1,0,1,1,0,0
43,0,0,0,0,0,0,0,0,0
44,0,0,0,0,0,0,0,0,0
45,0,0,0,0,0,0,0,0,0
46,0,0,0,0,0,0,0,0,0
47,1,1,0,1,1,1,1,1,0
48,0,,0,0,0,0,0,0,
49,0,1,0,0,0,0,0,0,0
50,,,,,,,,,
51,,,,,,,,,
52,0,0,0,0,0,0,0,0,0
53,0,0,0,0,0,0,0,0,0
54,1,1,1,1,1,1,1,1,1
55,0,1,0,0,0,0,0,1,0
56,0,1,1,0,1,1,1,1,1
57,0,0,1,0,0,1,0,0,1
58,0,1,1,0,0,1,0,1,1
59,1,1,1,1,1,1,1,1,1
60,1,1,1,1,1,1,1,1,1
61,0,1,0,0,0,1,0,0,0
62,1,0,0,0,1,0,1,0,0
63,0,1,0,0,0,1,0,1,1
64,0,1,0,0,0,1,0,1,1
65,0,1,0,0,0,1,0,1,1
66,0,0,0,0,0,0,0,0,0
67,0,0,0,0,0,0,0,0,0
68,0,0,0,0,0,0,0,0,0
69,0,0,0,0,0,0,0,0,0
70,,,,,,,,,
71,0,1,0,1,1,0,1,1,1
72,1,1,1,0,0,1,0,1,1
73,1,1,1,1,1,1,1,1,1
74,0,1,0,0,0,0,0,0,1
75,0,1,0,0,1,1,0,1,1
76,0,1,0,0,1,1,0,1,1
77,0,1,0,0,1,1,0,1,1
78,0,1,0,0,1,1,0,1,1
79,0,1,0,0,1,1,0,1,1
80,0,1,0,0,1,1,0,1,1
81,1,1,1,1,1,1,1,1,1
82,1,1,1,1,1,1,1,1,1
83,,,,,,,,,
84,0,0,0,0,0,0,0,0,0
85,0,0,0,0,0,0,0,0,0
86,0,1,1,1,1,1,0,1,1
87,0,1,0,0,0,0,0,0,0
88,0,1,0,0,0,1,0,1,1
89,1,1,1,1,1,1,1,1,1
90,1,1,1,1,1,1,1,1,
91,0,1,0,0,0,1,0,1,1
92,1,1,1,1,1,1,1,1,
93,0,1,0,0,0,0,0,0,0
94,0,0,0,0,0,0,0,0,0
95,1,1,1,1,1,1,1,1,1
96,1,1,1,1,1,1,1,1,1
97,1,1,,1,1,1,,1,1
98,1,1,0,1,1,0,0,1,1
99,1,1,1,1,1,1,1,1,1
100,0,1,0,0,0,0,0,0,0
101,0,1,1,0,1,0,0,1,1
102,0,1,1,0,0,1,0,0,1
103,0,0,0,0,0,0,0,0,0
104,0,1,0,0,0,1,0,1,1
105,1,1,1,1,1,1,1,1,1
106,1,1,1,1,1,1,1,1,1
107,0,1,0,0,0,0,0,0,
108,1,1,1,1,1,1,1,1,1
109,0,0,0,0,0,0,0,0,0
110,0,0,0,0,0,0,0,0,0
111,1,1,1,0,0,1,0,1,1
112,0,1,0,0,0,0,0,0,0
113,0,1,0,0,1,1,0,1,0
114,0,1,1,0,0,1,0,0,0
115,0,1,1,0,1,1,0,1,1
116,0,0,0,0,0,0,0,0,0
117,0,0,0,0,0,0,0,0,0
118,0,1,0,0,0,0,0,1,0
119,0,1,0,0,0,1,0,1,1
120,0,1,0,0,0,1,0,1,1
121,0,1,0,0,0,1,0,1,1
122,0,1,0,0,0,1,0,1,1
123,0,1,0,0,0,1,0,1,1
124,0,1,0,0,0,0,0,1,0
125,0,1,0,0,0,0,0,1,1
126,0,1,0,0,0,1,0,1,1
127,0,,0,0,0,,0,,
128,1,1,1,1,1,1,1,1,1
129,0,0,0,0,0,0,0,0,0
130,,,,,,,,,
131,0,1,0,0,0,0,0,0,0
132,1,1,1,1,1,1,0,1,1
133,0,0,0,1,0,0,0,0,1
134,1,1,1,1,1,1,1,1,1
135,0,1,1,1,1,1,0,1,1
136,0,0,0,0,0,0,0,0,0
137,,,,,,,,,
138,0,0,0,0,0,0,0,0,0
139,1,1,1,1,1,1,1,1,1
140,1,1,1,1,1,1,1,1,1
141,0,0,0,0,0,0,0,0,0
142,1,1,1,0,1,1,0,1,1
143,0,1,1,0,1,1,0,1,1
144,1,1,1,1,1,1,1,1,1
145,0,0,0,0,0,0,0,0,0
146,0,0,0,0,0,0,0,0,0
147,,,,,,,,,
148,1,0,1,1,1,1,0,1,1
149,1,1,1,1,1,1,1,1,1
150,0,0,0,0,0,0,0,0,0
151,0,1,0,0,0,0,0,0,0
152,1,0,1,1,1,1,1,1,0
153,0,0,0,0,0,0,0,0,0
154,0,1,0,0,0,0,0,0,0
155,0,1,0,0,0,0,0,0,0
156,1,0,0,1,1,0,1,0,0
157,0,1,0,0,0,0,0,0,
158,0,0,0,0,0,,0,0,0
159,0,1,0,0,0,1,0,1,0
160,0,1,0,0,0,1,0,1,0
161,0,1,0,0,0,1,0,1,0
162,0,0,0,0,0,0,0,0,0
163,0,0,0,0,0,0,0,0,0
164,0,0,0,0,0,0,0,0,0
165,0,,1,0,0,0,0,0,1
166,0,1,0,0,1,1,0,0,1
167,0,1,0,0,1,1,0,0,1
168,0,0,0,0,0,0,0,0,0
169,0,0,0,0,0,0,0,0,0
170,1,1,0,0,1,1,0,1,1
171,0,0,0,0,0,0,0,0,0
172,0,0,0,0,0,0,0,0,0
173,0,0,0,0,0,0,0,0,0
174,0,0,0,0,0,0,0,0,0
175,0,0,0,0,0,0,0,0,0
176,0,0,0,0,0,0,0,0,0
177,1,1,1,1,1,1,1,1,1
178,0,1,0,0,0,1,0,1,1
179,0,1,0,0,0,1,0,1,1
180,0,1,1,0,0,1,0,1,1
181,0,1,1,0,0,1,0,1,1
182,1,1,1,1,1,1,1,1,1
183,1,1,1,1,1,1,1,1,1
184,1,1,1,1,1,1,1,1,1
185,0,1,1,0,0,1,0,1,1
186,0,1,0,0,0,0,0,0,0
187,0,1,0,0,0,0,0,0,0
188,0,1,0,0,0,0,0,0,0
189,0,1,0,0,0,1,0,1,0
190,1,1,1,1,1,1,1,1,1
191,0,0,0,0,0,0,0,0,0
192,0,1,0,0,1,1,0,1,1
193,0,1,0,0,1,0,0,0,0
194,,1,1,,1,1,,1,1
195,0,1,0,0,0,0,0,0,0
196,1,1,1,1,1,1,1,1,1
197,1,1,1,1,1,1,1,1,1
198,1,1,1,1,1,1,1,1,1
199,1,1,1,1,1,1,1,1,1
200,,1,1,,1,1,,1,1
201,1,0,0,1,0,0,1,1,0
202,0,1,1,0,1,1,0,1,1
203,0,1,0,1,1,1,0,1,1
204,0,1,0,1,1,1,0,1,1
205,1,1,1,1,1,1,0,1,1
206,1,1,1,0,1,1,1,1,1
207,1,1,1,1,1,1,1,1,1
208,1,1,1,1,1,1,1,1,1
209,0,0,0,0,0,0,0,0,0
210,0,0,0,0,0,0,0,0,0
211,0,0,0,0,0,0,0,0,0
212,0,0,0,0,0,0,0,0,0
213,0,0,0,0,0,0,0,0,0
214,0,0,0,0,0,0,0,0,0
215,1,1,1,1,1,1,1,1,1
216,1,1,1,1,1,1,1,1,1
217,0,0,0,0,0,0,0,0,0
218,1,1,1,1,1,1,1,1,1
219,0,0,0,0,0,0,0,0,0
220,0,,0,0,1,0,0,1,0
221,0,,0,0,1,0,0,1,0
222,0,0,0,0,0,0,0,0,0
223,0,1,0,0,0,1,0,1,1
224,0,1,0,0,0,1,0,1,1
225,0,1,0,0,0,1,0,1,1
226,0,1,0,0,0,1,0,1,1
227,0,1,0,0,0,1,0,1,1
228,0,1,0,0,0,1,0,1,1
229,0,1,0,0,0,1,0,1,1
230,0,1,0,0,0,1,0,1,1
231,0,1,0,0,0,1,0,1,1
232,0,1,0,0,0,1,0,1,1
233,0,1,1,0,1,1,1,1,1
234,0,1,1,0,0,1,0,0,1
235,1,0,1,1,1,0,1,0,0
236,1,0,1,1,1,0,1,0,0
237,0,0,1,0,0,0,0,0,1
238,0,,0,0,0,,0,,
239,1,1,1,1,1,1,1,1,1
240,0,1,0,0,0,1,0,1,1
241,0,1,0,0,0,0,0,0,1
242,1,1,1,1,1,1,1,1,1
243,1,1,1,1,1,1,1,1,1
244,0,1,0,0,0,0,0,0,0
245,0,1,0,0,0,0,0,0,0
246,0,0,0,0,0,0,0,0,0
247,0,1,0,0,0,0,0,1,0
248,0,1,0,0,0,0,0,0,0
249,0,1,1,0,1,1,0,1,1
250,0,1,0,0,0,0,0,0,0
251,0,1,0,0,1,1,0,1,1
252,0,1,0,0,1,1,0,1,1
253,1,1,1,0,1,1,,1,1
254,1,1,1,0,1,1,,1,1
255,1,0,1,1,1,1,1,0,1
256,1,0,1,1,1,1,1,0,1
257,0,0,0,0,0,0,0,0,0
258,0,0,0,0,0,0,0,0,0
259,1,1,1,0,1,1,0,1,1
260,1,1,1,0,1,1,0,1,1
261,0,0,0,0,1,0,0,1,0
262,0,0,0,0,1,0,0,1,0
263,0,1,1,0,1,1,0,1,1
264,0,1,1,0,1,1,0,1,1
265,0,1,0,0,1,1,0,1,1
266,0,1,0,0,1,1,0,1,1
267,0,0,0,0,1,0,0,1,0
268,0,0,0,0,1,0,0,1,0
269,0,1,1,1,1,1,1,0,1
270,0,1,0,0,0,0,0,1,0
271,0,1,0,0,0,0,0,1,0
272,0,0,0,0,0,0,0,0,0
273,0,0,0,0,0,0,0,0,0
274,0,1,1,1,1,1,1,1,0
275,0,1,0,0,0,0,0,0,1
276,1,1,0,0,1,1,0,1,1
277,0,0,0,0,0,0,0,0,0
278,1,1,1,1,1,1,1,1,1
279,0,0,0,0,0,0,0,0,0
280,0,1,0,0,0,0,0,1,1
281,0,1,0,0,0,0,0,0,0
282,1,1,1,1,1,1,1,1,1
283,0,1,0,0,0,0,0,0,0
284,1,1,1,1,1,1,1,1,1
285,1,1,0,0,1,1,0,1,1
286,1,1,0,0,1,1,0,1,1
287,0,1,1,0,1,1,0,1,1
288,0,1,1,0,1,1,0,1,1
289,0,0,0,0,0,0,0,0,0
290,1,1,1,,1,1,1,1,1
291,0,1,0,0,,0,0,0,0
292,0,1,0,0,,0,0,0,0
293,0,1,0,0,1,1,0,1,1
294,1,1,1,1,1,1,1,1,1
295,1,1,1,1,1,1,1,1,1
296,1,1,1,1,1,1,1,1,1
297,0,0,0,0,0,0,0,0,0
298,0,1,0,0,0,0,0,0,0
299,0,1,0,0,0,0,0,0,0
300,1,1,1,1,1,1,1,1,1
301,1,1,1,1,1,1,1,1,1
302,1,0,1,1,1,1,1,1,1
303,1,0,1,1,1,1,1,1,1
304,1,1,1,1,1,1,1,1,1
305,1,1,1,1,1,1,1,1,1
306,1,1,1,1,1,1,1,1,1
307,1,1,1,1,1,1,1,1,1
308,0,0,0,0,0,0,0,0,0
309,1,1,1,0,0,1,0,1,1
310,0,0,0,0,0,0,0,0,1
311,0,1,0,0,1,0,0,0,0
312,0,0,0,0,0,0,0,0,0
313,1,1,1,1,1,1,1,1,1
314,0,0,0,0,0,0,0,0,0
315,0,0,0,0,0,0,0,0,0
316,0,1,0,0,0,0,0,0,0
317,0,1,0,0,0,0,0,0,1
318,1,1,1,1,1,1,1,1,1
319,0,0,0,0,0,0,0,0,0
320,0,0,0,0,0,0,0,0,0
321,0,0,0,1,0,0,0,0,1
322,1,1,1,1,1,1,1,1,1
323,1,1,1,1,1,1,1,1,1
324,1,1,1,1,1,1,1,1,1
325,1,1,1,1,1,1,1,1,1
326,1,1,1,0,0,1,0,1,1
327,0,0,1,1,0,0,1,1,0
328,0,0,1,1,0,0,1,1,0
329,0,0,0,0,0,0,0,0,0
330,1,1,1,1,1,1,1,1,1
331,0,0,0,0,0,0,0,0,0
332,0,1,0,0,0,0,0,0,0
333,0,1,1,1,1,1,1,1,1
334,0,0,0,0,0,0,0,0,0
335,0,1,0,0,0,1,0,1,0
336,0,0,0,0,0,0,0,0,0
337,0,1,0,0,0,1,0,1,1
338,0,0,0,0,0,0,0,0,0
339,0,0,0,0,0,0,0,0,0
340,0,1,0,0,0,1,0,0,0
341,0,1,0,0,0,1,0,0,0
342,1,1,1,1,1,1,1,1,1
343,0,1,1,0,0,0,0,1,1
344,0,1,0,0,0,0,0,1,1
345,0,1,0,0,0,0,0,0,1
346,0,1,1,0,1,1,0,0,1
347,0,0,0,0,0,0,0,0,0
348,0,0,0,0,0,0,0,0,0
349,0,0,0,0,0,0,0,0,0
350,0,0,0,0,0,0,0,0,0
351,1,1,1,1,1,1,1,1,1
352,1,1,1,1,1,1,1,1,1
353,0,1,0,0,0,0,0,1,1
354,0,1,0,0,0,1,0,1,1
355,0,0,0,,0,0,,0,0
356,0,0,0,0,0,0,0,0,0
357,0,1,0,1,1,1,1,0,0
358,1,1,0,0,1,1,0,1,1
359,1,0,0,0,0,0,0,0,1
360,1,1,1,1,1,1,1,1,1
361,0,0,0,0,0,0,0,0,0
362,0,0,0,0,0,0,0,0,0
363,,1,0,0,0,0,0,0,0
364,0,0,0,0,0,0,0,0,0
365,0,1,0,0,0,0,0,0,0
366,0,,0,0,0,0,0,,
367,0,0,0,0,0,0,0,0,0
368,0,1,1,0,1,1,0,1,1
369,0,1,0,0,0,1,0,1,1
370,0,1,0,0,0,1,0,1,1
371,0,1,0,0,0,1,0,1,1
372,0,1,0,0,0,1,0,1,1
373,1,1,0,0,1,1,0,1,1
374,0,1,0,0,0,1,0,1,1
375,0,0,0,0,0,0,0,0,0
376,0,1,0,0,0,1,0,1,1
377,0,1,0,0,0,1,0,1,1
378,0,1,0,0,0,1,0,1,1
379,0,1,0,0,0,1,0,1,1
380,0,1,0,0,0,1,0,1,1
381,0,1,1,0,0,1,0,1,1
382,0,1,0,0,0,1,0,1,1
383,0,1,0,0,0,1,0,1,1
384,0,1,0,0,0,1,0,1,1
385,0,1,0,0,0,1,0,1,1
386,0,1,0,0,0,1,0,1,1
387,0,1,0,0,0,1,0,1,1
388,0,1,1,0,0,1,0,1,1
389,0,1,0,0,0,0,0,1,0
390,1,0,0,1,0,1,1,0,0
391,1,0,0,1,0,1,1,0,0
392,0,0,1,0,0,,0,0,1
393,0,0,1,0,0,,0,0,1
394,1,1,0,0,0,1,0,1,1
395,0,1,,0,0,0,0,0,1
396,0,1,1,0,1,1,0,1,1
397,0,0,0,0,0,0,0,0,0
398,0,0,0,0,0,0,0,0,0
399,0,1,0,0,0,0,0,0,1
400,1,1,1,1,1,1,1,1,1
401,1,1,1,1,1,1,1,1,1
402,0,1,0,0,0,1,0,1,1
403,0,1,0,0,0,1,0,1,1
404,1,1,1,1,1,1,1,1,1
405,1,1,1,1,1,1,1,1,1
406,0,1,0,0,0,0,0,0,1
407,0,1,0,0,0,0,0,0,0
408,1,1,1,1,1,1,1,1,1
409,0,0,0,0,0,0,0,0,0
410,0,0,0,0,0,0,0,0,0
411,0,0,0,0,0,1,0,0,1
412,0,0,0,0,0,0,0,0,0
413,0,0,0,0,0,0,0,0,0
414,1,1,1,1,1,1,1,1,1
415,0,1,0,0,0,0,0,0,0
416,1,1,1,1,1,1,1,1,1
417,0,0,0,0,0,0,0,0,0
418,1,1,1,1,1,1,1,1,1
419,1,1,1,1,1,1,1,1,1
420,1,0,1,1,1,1,1,0,1
421,1,1,1,1,1,1,1,1,1
422,1,1,1,1,1,1,1,1,1
423,,,,,,,,,
424,1,0,0,0,1,1,0,0,0
425,0,0,0,0,0,0,0,0,0
426,0,0,0,0,0,0,0,0,0
427,0,1,0,0,0,0,0,1,1
428,1,0,0,0,1,0,0,1,0
429,0,0,0,0,0,0,0,0,0
430,0,1,0,0,0,1,0,1,1
431,0,1,0,0,0,1,0,1,1
432,0,1,0,1,0,1,0,1,1
433,0,1,0,1,0,1,0,1,1
434,0,1,0,0,0,0,0,0,1
435,0,1,1,0,1,1,0,1,1
436,0,0,0,0,0,0,0,0,0
437,0,1,0,0,0,0,0,0,0
438,0,1,0,0,0,0,0,0,0
439,0,0,1,1,0,0,1,0,0
440,0,0,0,0,0,0,0,0,0
441,0,1,1,0,0,1,0,0,1
442,1,0,0,1,1,0,1,1,0
443,0,1,1,0,0,1,0,0,1
444,1,0,0,1,1,0,1,1,0
445,0,0,0,0,0,0,0,0,0
446,0,1,0,0,0,0,0,0,0
447,0,0,0,0,0,0,0,0,0
448,0,0,0,0,0,0,0,0,0
449,1,1,1,1,1,1,1,1,1
450,0,0,0,0,0,0,0,0,0
451,0,0,0,0,0,0,0,0,0
452,0,0,0,0,0,0,0,0,0
453,1,1,1,1,1,1,1,1,1
454,0,0,0,0,0,0,0,0,0
455,1,1,1,1,1,1,1,1,1
456,1,1,1,1,0,1,1,1,1
457,0,1,1,0,0,1,0,1,1
458,0,1,0,0,0,0,0,0,0
459,1,1,1,1,1,1,1,1,1
460,0,0,0,0,0,0,0,0,0
461,0,1,0,1,0,1,0,1,0
462,0,0,0,0,0,0,0,0,0
463,0,1,0,0,0,0,0,0,0
464,0,0,0,0,0,0,0,0,0
465,0,1,0,0,0,0,0,0,0
466,1,1,1,1,1,1,1,1,1
467,1,1,1,1,1,1,1,1,1
468,0,0,0,0,0,0,0,0,0
469,0,0,0,0,0,0,0,0,0
470,,1,1,,1,1,,1,1
471,0,1,0,0,0,0,0,1,1
472,0,1,0,0,0,0,0,1,1
473,0,1,0,0,0,0,0,1,1
474,0,1,0,0,0,0,0,1,1
475,1,1,1,1,1,1,1,1,1
476,1,1,1,0,1,1,0,1,1
477,0,0,0,0,0,0,0,0,0
478,0,0,0,0,0,1,0,1,1
479,0,0,0,0,0,1,0,1,1
480,0,0,0,0,0,1,0,1,1
481,0,0,0,0,0,1,0,1,1
482,1,1,1,1,1,1,1,1,1
483,0,0,0,0,0,0,0,0,0
484,0,0,0,0,0,0,0,0,0
485,0,1,0,0,0,1,0,1,1
486,0,1,0,0,1,1,0,1,1
487,0,0,0,0,0,0,0,0,0
488,1,1,1,0,1,1,0,1,1
489,1,1,1,0,1,1,0,1,1
490,1,1,1,0,1,1,0,1,1
491,0,0,0,0,0,0,0,0,0
492,0,1,0,0,0,1,0,1,0
493,0,0,0,0,0,0,0,0,0
494,0,0,0,0,0,0,0,0,0
495,0,0,0,0,0,0,0,0,0
496,1,0,1,1,1,1,0,1,0
497,,,,,,,,,
498,0,0,0,0,0,0,0,0,0
499,0,1,0,0,0,0,0,0,1
500,1,1,1,1,1,1,1,1,1
501,1,1,1,1,1,1,1,1,1
502,1,1,0,0,1,1,0,1,1
503,1,1,0,0,1,1,0,1,1
504,0,0,0,0,0,0,0,0,0
505,0,0,0,0,0,0,0,0,0
506,1,1,1,1,1,1,1,1,1
507,1,1,1,1,1,1,1,1,1
508,0,1,0,0,0,0,0,0,0
509,0,0,0,0,0,0,0,0,0
510,0,0,0,0,0,0,0,0,0
511,1,0,0,1,0,1,0,1,0
512,1,0,0,1,0,1,0,1,0
513,0,0,0,0,0,0,0,0,0
514,0,1,0,0,0,0,0,0,1
515,0,1,0,0,0,0,0,0,1
516,0,1,0,0,0,1,0,1,1
517,1,0,0,1,0,0,0,1,0
518,1,1,1,1,1,1,1,1,1
519,1,0,,1,1,1,1,1,1
520,0,1,0,0,1,1,0,1,1
521,0,1,0,0,1,1,0,1,1
522,1,1,1,1,1,1,1,1,1
523,0,1,0,0,0,1,0,1,1
524,0,0,0,1,0,1,1,0,0
525,0,1,0,0,0,1,1,1,1
526,0,1,0,0,0,1,1,1,1
527,0,1,0,0,0,1,0,1,1
528,1,1,1,1,1,1,1,1,1
529,1,1,0,0,1,1,0,1,1
530,,,,,,,,,
531,,,,,,,,,
532,,,,,,,,,
533,0,1,0,0,0,1,0,1,1
534,0,1,0,0,0,1,0,1,1
535,0,1,0,0,0,1,0,1,1
536,0,0,0,0,0,1,0,0,0
537,0,0,0,0,0,1,0,0,0
538,0,1,0,0,1,1,0,1,1
539,0,0,0,0,0,0,0,1,1
540,0,1,0,1,0,1,0,1,0
541,1,1,1,0,1,1,0,1,1
542,1,1,1,0,1,1,0,1,1
543,1,1,1,1,1,1,1,1,1
544,0,0,0,0,0,0,0,0,0
545,1,1,1,1,1,1,1,1,1
546,0,0,0,0,0,0,0,0,0
547,0,0,0,0,0,0,0,0,
548,1,1,1,1,1,1,1,1,1
549,1,1,1,1,1,1,1,1,1
550,0,1,0,0,0,1,0,1,0
551,0,0,0,0,0,0,0,,
552,0,0,0,0,0,0,0,,
553,0,0,0,1,0,0,1,0,0
554,1,1,1,1,1,1,1,1,1
555,0,0,0,0,0,0,0,0,0
556,1,1,1,1,1,1,1,1,1
557,0,0,0,0,0,0,0,0,0
558,0,1,0,0,0,1,0,1,1
559,0,1,0,0,0,0,0,0,0
560,0,1,0,0,0,0,0,0,0
561,1,0,1,1,1,1,1,1,1
562,0,1,0,1,1,1,1,1,0
563,1,1,1,1,1,1,1,1,1
564,1,1,1,1,1,1,1,1,1
565,0,0,0,0,0,0,0,0,0
566,1,1,1,1,1,1,0,1,1
567,1,1,1,1,1,1,0,1,1
568,1,1,1,1,1,1,1,1,1
569,1,1,1,1,1,1,1,1,1
570,,,,,,,,,
571,0,0,0,0,0,0,0,0,
572,,,,,,,,,
573,,,,,,,,,
574,0,0,,0,0,1,0,0,0
575,0,0,,0,0,1,0,0,0
576,0,1,,1,1,1,0,1,0
577,0,1,,1,1,1,0,1,0
578,0,1,,1,1,1,0,1,0
579,0,1,,1,1,1,0,1,0
580,0,1,,1,1,1,0,1,0
581,0,1,,1,1,1,0,1,0
582,0,1,,1,1,1,0,1,0
583,0,1,,1,1,1,0,1,0
584,0,0,0,0,0,0,0,0,0
585,0,0,0,0,0,0,0,0,0
586,0,0,0,0,0,0,0,0,0
587,0,0,0,0,0,1,0,0,0
588,0,0,0,1,0,0,1,0,0
589,0,0,0,0,0,0,0,0,0
590,0,0,0,0,0,0,0,0,0
591,0,1,0,0,0,0,0,0,0
592,0,1,0,0,0,0,0,,0
593,0,1,0,0,0,0,0,0,0
594,1,1,1,1,0,1,0,1,1
595,0,1,0,0,1,1,0,1,1
596,0,1,0,0,1,1,0,1,1
597,0,,0,0,0,0,0,0,
598,0,,0,0,0,0,0,0,
599,0,,0,0,0,0,0,0,
600,0,,0,0,0,0,0,0,0
601,0,1,0,0,0,0,0,0,0
602,0,1,0,0,0,0,0,0,0
603,0,,0,0,0,0,0,0,0
604,0,1,0,0,0,0,0,0,0
605,1,1,1,1,1,1,1,1,1
606,0,0,0,0,0,0,0,0,0
607,0,0,0,0,0,0,0,0,0
608,0,0,0,0,0,0,0,0,0
609,0,1,1,0,0,1,0,1,1
610,0,1,0,1,0,1,1,1,0
611,0,1,0,0,0,0,0,0,0
612,0,1,0,0,0,0,0,0,0
613,0,1,0,0,0,0,0,0,0
614,0,1,0,0,0,0,0,0,0
615,1,0,1,0,1,1,1,1,1
616,0,0,0,0,0,0,0,0,0
617,0,1,0,0,0,1,0,1,0
618,0,1,0,0,1,1,0,1,1
619,0,1,1,0,1,1,0,1,1
620,1,1,1,1,1,1,1,1,1
621,0,0,0,0,0,0,0,0,0
622,0,0,0,0,0,0,0,0,0
623,0,0,0,0,0,0,0,,
624,0,0,0,0,0,0,0,0,0
625,0,0,0,0,0,0,0,0,0
626,0,1,0,0,0,0,0,0,0
627,0,0,0,0,0,0,0,0,0
628,0,1,1,1,1,1,0,1,1
629,0,1,1,1,1,1,0,1,1
630,0,1,1,1,1,1,0,1,1
631,0,0,0,0,0,0,0,0,0
632,1,1,1,1,1,1,1,1,1
633,0,1,0,0,0,0,0,1,0
634,1,1,1,1,1,1,1,1,1
635,,,,,,,,,
636,0,1,0,0,0,0,0,0,0
637,0,1,1,0,0,1,0,1,1
638,0,0,0,0,0,0,0,0,0
639,0,0,1,0,0,1,0,1,1
640,0,1,0,0,1,0,0,1,1
641,1,1,1,1,1,1,1,1,1
642,1,1,1,1,1,1,1,1,1
643,0,1,0,0,0,0,0,0,0
644,0,1,0,0,0,0,0,0,0
645,0,1,0,0,0,0,0,0,0
646,1,1,0,1,0,1,1,0,1
647,0,1,0,0,0,0,0,1,1
648,0,0,0,0,0,0,0,1,
649,0,0,0,1,0,1,0,1,0
650,0,1,1,0,1,1,0,1,1
651,1,1,1,1,1,1,1,1,1
652,1,0,0,0,1,0,0,1,0
653,1,1,1,1,1,1,1,1,1
654,1,1,1,1,1,1,1,1,1
655,0,0,0,0,0,0,0,0,0
656,0,1,1,0,0,1,0,1,1
657,1,1,1,1,1,1,,1,1
658,0,1,0,0,1,1,0,1,1
659,0,0,0,0,1,1,0,0,0
660,0,1,0,0,0,1,0,1,1
661,0,1,0,0,0,0,0,1,0
662,0,1,0,0,0,1,0,1,1
663,0,1,0,0,0,1,0,1,1
664,0,0,1,0,0,0,0,0,1
665,0,1,1,0,1,0,0,1,1
666,1,1,1,1,1,1,1,1,1
667,0,,0,0,0,0,0,0,
668,0,1,0,0,0,0,0,0,0
669,0,1,0,0,0,0,0,0,1
670,0,1,0,0,0,0,0,0,1
671,0,1,0,0,0,1,0,1,1
672,0,1,1,1,1,1,0,1,1
673,0,1,0,0,0,0,0,0,1
674,0,1,1,0,1,1,0,1,1
675,0,1,0,0,0,1,0,1,1
676,0,1,0,0,0,1,0,1,1
677,0,1,0,0,0,1,0,1,1
678,0,1,0,0,0,1,0,1,1
679,0,1,0,0,0,1,0,1,1
680,0,1,0,0,0,1,0,1,1
681,0,1,0,0,0,0,0,0,1
682,0,1,0,0,0,0,0,0,0
683,,0,0,,0,0,,0,0
684,1,1,1,0,1,1,0,1,1
685,1,1,1,0,1,1,0,1,1
686,1,1,1,0,1,1,0,1,1
687,1,1,1,0,1,1,0,1,1
688,0,1,0,0,0,0,0,0,0
689,0,1,0,0,0,0,0,0,0
690,0,1,0,0,0,0,0,0,0
691,0,1,0,0,0,0,0,0,0
692,0,1,0,0,0,0,0,0,0
693,0,1,0,0,0,0,0,0,0
694,1,1,1,1,1,1,1,1,1
695,0,1,0,0,0,0,0,0,0
696,,,,,,,,,
697,1,1,1,1,1,1,1,1,1
698,0,0,0,0,0,0,0,0,0
699,0,1,0,0,0,0,0,0,0
700,0,0,0,0,0,0,0,0,1
701,0,0,0,0,0,0,0,0,1
702,0,1,0,0,0,0,0,0,0
703,0,1,0,0,0,0,0,0,0
704,0,0,0,1,0,0,1,0,0
705,0,1,0,0,1,0,0,0,0
706,1,1,1,1,1,1,1,1,1
707,0,1,0,0,0,0,0,0,0
708,0,1,0,0,0,1,0,1,1
709,0,1,0,0,0,1,0,1,1
710,0,1,0,0,0,1,0,1,1
711,0,1,0,0,0,1,0,1,1
712,0,1,0,0,0,1,0,1,1
713,0,0,0,0,1,0,1,0,0
714,1,1,1,1,0,1,0,1,1
715,1,1,1,1,0,1,0,1,1
716,0,0,0,0,0,0,0,0,0
717,0,1,0,0,0,1,0,1,1
718,1,1,1,1,1,1,1,1,1
719,1,1,1,1,1,1,1,1,1
720,0,0,0,0,0,0,0,0,0
721,,,,,,,,,
722,0,1,0,0,0,0,0,0,0
723,1,1,1,0,1,1,0,1,1
724,0,0,1,0,0,0,1,0,0
725,0,1,0,0,0,1,0,1,1
726,0,1,0,0,0,1,0,1,1
727,1,1,1,1,1,1,1,1,1
728,0,1,0,0,0,1,0,1,1
729,0,0,0,0,0,0,0,0,0
730,0,0,0,0,0,0,0,0,0
731,0,1,0,0,0,1,0,1,1
732,0,1,0,0,0,1,0,1,1
733,0,1,0,0,0,1,0,1,1
734,0,1,0,0,0,1,0,1,1
735,1,1,1,0,0,1,0,1,1
736,1,1,1,1,1,1,1,1,1
737,0,0,0,0,0,0,0,0,0
738,0,0,0,0,0,0,0,0,0
739,0,0,0,0,0,0,0,0,0
740,0,1,0,0,0,1,0,1,0
741,0,1,0,0,0,0,0,1,0
742,0,1,0,0,0,0,0,1,0
743,0,0,0,0,0,0,0,0,0
744,1,1,1,1,1,1,1,1,1
745,0,1,0,1,1,0,1,0,0
746,0,0,0,0,0,0,0,0,0
747,0,0,0,0,0,1,0,1,0
748,0,0,0,0,0,1,0,1,0
749,0,0,0,0,0,1,0,1,0
750,1,1,1,1,1,1,1,1,1
751,1,1,1,1,1,1,1,1,1
752,0,1,0,0,0,1,0,1,1
753,1,1,1,1,1,1,1,1,1
754,1,1,1,1,1,1,1,1,1
755,0,0,0,0,0,0,0,0,0
756,0,1,0,0,0,1,0,1,0
757,1,1,1,1,1,1,1,1,1
758,0,1,0,0,0,1,0,1,0
759,1,,1,0,1,1,0,,1
760,,,,,,,,,
761,1,1,1,0,0,1,0,1,1
762,1,1,1,0,1,1,1,1,0
763,0,1,0,0,0,0,0,1,0
764,0,1,1,0,1,1,0,1,1
765,0,1,0,0,0,1,0,1,1
766,1,1,1,1,1,1,1,1,1
767,0,1,0,0,0,0,0,0,1
768,0,1,0,0,0,0,0,0,1
769,1,1,1,1,1,1,1,1,1
770,1,1,1,0,1,1,0,1,1
771,0,1,0,0,0,1,0,0,0
772,0,1,0,1,0,1,1,0,1
773,0,1,0,0,0,0,0,1,1
774,0,1,0,0,0,1,0,1,1
775,0,1,0,0,0,1,0,1,1
776,0,1,0,0,0,1,0,1,1
777,0,1,0,0,0,1,0,1,1
778,0,1,0,0,0,1,0,1,1
779,0,1,0,0,0,1,0,1,1
780,1,1,1,0,1,1,0,1,1
781,0,0,0,1,0,0,0,0,0
782,1,1,1,1,1,1,1,1,1
783,0,1,0,0,0,1,0,1,1
784,1,1,1,1,1,1,1,1,1
785,0,1,0,0,0,1,0,0,0
786,0,1,0,0,1,1,1,1,0
787,0,1,0,0,1,1,1,1,0
788,1,1,1,1,1,1,1,1,1
789,1,0,1,1,1,0,0,0,1
790,0,1,0,0,0,1,1,1,0
791,0,0,0,0,0,0,0,1,0
792,1,1,1,1,1,1,1,1,1
793,0,0,0,0,0,0,0,0,0
794,0,1,1,1,1,1,1,1,1
795,1,0,1,0,0,1,1,1,1
796,0,1,1,0,0,1,1,1,0
797,1,1,1,1,1,1,1,1,1
798,1,1,1,1,1,1,1,1,1
799,0,1,0,0,0,1,0,1,1
800,0,0,0,0,0,0,0,0,0
801,1,1,1,1,1,1,1,1,1
802,0,1,0,0,0,1,0,1,1
803,1,1,1,1,1,1,1,1,1
804,0,1,1,0,1,1,0,1,1
805,0,1,0,0,0,1,0,1,1
806,0,1,0,0,0,1,0,1,1
807,0,1,0,0,0,1,0,1,1
808,0,1,0,0,0,1,0,1,1
809,1,1,1,1,1,1,1,1,1
810,0,1,0,1,1,1,0,1,1
811,1,1,1,0,1,1,0,1,1
812,1,1,1,0,1,1,0,1,1
813,0,1,0,1,0,1,1,1,0
814,1,0,1,1,1,1,1,0,1
815,0,1,0,0,0,,0,0,0
816,0,1,0,0,0,0,0,0,0
817,0,1,0,0,0,1,0,1,1
818,1,1,1,0,0,1,0,1,1
819,0,1,0,0,0,1,0,1,0
820,0,1,1,0,0,1,0,1,1
821,1,1,1,1,1,1,1,1,1
822,0,1,1,0,1,1,0,1,1
823,0,1,0,0,0,0,0,0,
824,0,0,0,0,0,0,0,0,
825,0,0,0,0,0,0,0,0,
826,1,1,1,1,1,1,1,1,1
827,1,1,1,1,1,1,1,1,1
828,0,0,0,0,0,0,0,0,0
829,0,0,0,0,0,0,0,0,0
830,0,0,0,0,0,0,0,0,0
831,0,1,1,0,1,1,0,1,1
832,1,1,1,1,1,1,1,1,1
833,0,0,0,0,0,0,0,0,0
834,1,1,1,1,1,1,1,1,1
835,0,1,0,0,0,1,0,1,1
836,0,1,0,0,0,1,0,1,1
837,0,1,0,0,0,1,0,1,1
838,0,1,0,0,0,1,0,1,1
839,1,0,1,1,1,0,1,0,0
840,,0,,0,0,0,,0,0
841,0,1,0,0,0,1,0,1,1
842,1,1,1,1,1,1,1,1,1
843,0,0,0,0,0,0,0,0,1
844,1,1,1,1,1,1,1,1,1
845,1,1,0,0,1,0,0,0,0
846,0,1,0,0,0,0,0,0,0
847,0,1,0,0,0,0,0,0,0
848,0,0,0,0,0,0,0,0,0
849,0,0,0,0,0,0,0,0,0
850,0,1,0,0,0,0,0,0,0
851,0,0,0,0,0,0,,0,0
852,0,1,0,0,0,0,0,0,0
853,0,1,0,0,0,0,0,0,0
854,0,1,1,0,0,1,0,1,1
855,1,1,1,1,1,1,1,1,1
856,0,1,0,0,0,0,0,0,0
857,1,1,1,1,1,1,1,1,1
858,0,1,0,0,0,1,0,1,1
859,0,1,0,0,0,1,0,1,1
860,0,1,0,0,0,1,0,1,1
861,1,1,1,1,1,1,1,1,1
862,1,1,1,1,1,1,1,1,1
863,1,1,1,1,1,1,1,1,1
864,1,1,1,1,1,1,1,1,1
865,1,1,1,1,1,1,1,1,1
866,1,1,1,1,1,1,1,1,1
867,1,1,1,1,1,1,1,1,1
868,1,1,1,1,1,1,1,1,1
869,1,1,1,1,1,1,1,1,1
870,1,1,1,1,1,1,1,1,1
871,1,1,1,1,1,1,1,1,1
872,0,1,0,0,1,1,0,1,1
873,0,1,0,0,1,1,0,1,1
874,0,1,0,0,1,1,0,1,1
875,0,1,0,0,1,1,0,1,1
876,0,0,0,0,0,0,0,0,0
877,0,1,0,0,0,0,0,0,0
878,1,1,1,1,1,1,1,1,1
879,1,1,1,1,1,1,1,1,1
880,1,1,1,0,1,1,0,1,1
881,0,0,0,0,0,0,0,0,0
882,0,1,1,0,1,1,0,1,1
883,0,1,0,0,0,1,0,1,1
884,1,0,1,1,1,1,1,1,0
885,0,1,0,0,0,1,0,1,1
886,0,1,0,0,0,1,0,0,1
887,0,0,0,0,0,0,0,0,0
888,1,1,1,1,1,1,1,1,1
889,0,0,0,0,0,0,0,0,0
890,0,1,1,0,0,1,0,1,1
891,0,1,1,0,0,1,0,1,1
892,0,0,0,0,0,0,0,0,0
893,0,1,0,0,0,1,0,1,1
894,0,1,1,0,0,0,0,1,1
895,0,1,0,0,0,1,0,1,1
896,0,1,0,0,0,1,0,1,1
897,0,0,0,0,0,0,0,0,0
898,0,0,0,0,0,0,0,1,0
899,0,1,0,1,0,0,1,0,1
900,0,0,0,0,0,0,0,0,
901,0,1,0,0,0,0,0,0,0
902,0,0,0,0,0,0,0,0,0
903,0,1,1,0,1,1,0,1,1
904,0,1,1,0,1,1,0,1,1
905,1,,,0,1,1,0,1,1
906,1,,,0,1,1,0,1,1
907,1,,,0,1,1,0,1,1
908,1,1,1,1,1,1,1,1,1
909,0,1,0,0,0,1,0,1,1
910,0,1,0,0,0,1,0,1,1
911,0,1,0,0,0,1,0,1,1
912,0,0,0,0,0,0,0,0,0
913,1,1,1,0,1,1,0,1,1
914,0,1,0,0,0,1,0,1,1
915,0,0,0,0,0,0,0,0,0
916,,,,,,,,,
917,1,1,1,1,1,1,1,1,1
918,1,1,1,1,1,1,1,1,1
919,0,0,0,0,0,0,,0,0
920,,1,1,,1,1,,1,1
921,1,1,1,1,1,1,1,1,1
922,0,1,1,0,1,1,0,1,1
923,1,1,1,1,1,1,1,1,1
924,0,1,0,0,0,0,0,0,0
925,1,1,,1,1,1,1,1,1
926,,,,,,,,,
927,,,,,,,,,
928,0,0,0,1,0,1,1,1,1
929,0,0,1,0,0,1,0,1,1
930,0,0,1,0,0,1,0,1,1
931,0,1,0,0,0,1,0,1,0
932,0,1,0,0,0,1,0,1,0
933,1,1,1,1,1,1,1,1,1
934,0,0,0,0,0,0,0,0,0
935,0,0,0,0,0,0,0,1,1
936,0,0,0,0,0,0,0,0,0
937,1,1,1,0,1,1,1,1,1
938,0,1,1,0,0,1,0,1,1
939,0,1,0,0,1,1,0,1,1
940,0,1,0,0,1,1,0,1,1
941,0,1,0,0,1,1,0,1,1
942,0,1,0,0,1,1,0,1,1
943,0,0,0,0,0,0,0,0,0
944,1,1,0,1,1,1,1,0,0
945,1,1,0,1,1,1,1,0,0
946,0,1,1,0,0,1,0,1,1
947,0,1,1,0,0,1,0,1,1
948,1,0,1,1,1,1,1,1,0
949,1,0,1,1,1,0,1,0,0
950,1,0,1,1,1,0,1,0,0
951,1,0,1,1,1,0,1,0,0
952,1,0,1,1,1,0,1,0,0
953,0,1,0,0,0,1,0,1,1
954,0,1,0,0,0,1,0,1,1
955,0,1,1,0,0,1,0,1,1
956,0,1,1,0,0,1,0,1,1
957,0,1,1,0,1,1,0,1,1
958,0,1,0,0,0,0,0,0,0
959,0,1,0,0,0,0,0,0,0
960,0,1,1,0,0,1,0,0,1
961,0,0,0,0,0,0,0,0,0
962,0,0,0,0,0,0,0,0,0
963,,,,,,,,,
964,0,1,0,0,0,0,0,0,0
965,0,1,0,0,0,1,0,1,1
966,0,0,1,0,0,1,0,0,0
967,0,0,1,0,0,1,0,0,0
968,0,0,0,0,0,0,0,0,0
969,0,0,0,0,0,0,0,0,0
970,0,1,,0,0,0,0,0,1
971,0,1,0,0,0,0,0,0,0
972,0,0,0,0,0,0,0,0,0
973,0,1,0,0,0,1,0,1,1
974,0,0,0,0,0,0,0,0,0
975,0,1,0,0,0,1,0,1,1
976,1,1,1,,1,1,1,1,1
977,0,1,1,0,0,1,0,1,1
978,0,1,0,0,0,0,0,0,0
979,0,0,0,0,0,0,0,0,0
980,0,1,1,0,1,1,0,1,1
981,0,0,0,0,0,0,0,0,0
982,0,0,0,0,0,1,1,0,0
983,0,0,0,0,0,1,1,0,0
984,1,1,1,0,0,1,0,1,1
985,1,1,1,0,1,1,0,1,1
986,0,0,0,0,0,0,0,0,0
987,0,1,1,0,0,0,0,0,1
988,0,1,1,1,0,0,0,0,0
989,0,1,0,0,0,0,0,0,0
990,1,1,1,1,1,1,1,1,1
991,0,0,0,0,0,0,0,0,0
992,0,1,0,0,0,1,0,0,1
993,0,0,0,1,1,0,1,0,0
994,0,0,0,1,1,0,1,0,0
995,1,1,1,1,1,1,1,1,1
996,0,1,0,0,0,0,0,0,0
997,0,1,0,0,0,0,0,0,0
998,0,0,0,,,0,0,0,
999,1,1,0,1,1,0,1,0,0
1000,1,1,1,1,1,1,1,1,1
1001,0,0,0,0,0,0,0,0,
1002,0,0,0,0,0,0,0,0,
1003,0,1,0,0,0,1,0,1,1
1004,0,1,0,0,0,1,0,1,1
1005,0,0,0,0,0,0,0,0,0
1006,0,0,0,0,0,0,0,0,0
1007,0,0,0,0,0,0,0,0,0
1008,0,0,0,0,0,0,0,0,0
1009,0,1,0,0,1,1,1,1,1
1010,0,1,0,0,1,1,1,1,1
1011,1,0,1,0,1,1,0,1,1
1012,0,1,1,0,1,1,0,1,1
1013,0,0,1,1,1,1,1,0,0
1014,0,0,1,1,1,1,1,0,0
1015,0,0,0,0,0,1,0,1,0
1016,1,1,1,0,1,1,0,1,1
1017,0,1,0,0,0,1,0,1,1
1018,1,1,1,0,1,1,1,1,0
1019,1,1,1,1,1,1,1,1,0
1020,1,1,1,0,1,1,1,1,0
1021,1,1,1,1,1,1,1,1,0
1022,1,1,1,1,1,1,1,1,0
1023,0,1,0,0,0,0,0,0,0
1024,1,1,1,1,1,1,1,1,1
1025,0,1,1,0,1,1,0,1,1
1026,0,1,1,0,1,1,0,1,1
1027,0,0,0,0,0,0,0,0,0
1028,1,1,,1,1,1,1,1,1
1029,1,1,,1,1,1,1,1,1
1030,1,1,,1,1,1,1,1,1
1031,1,1,,1,1,1,1,1,1
1032,0,1,1,0,0,1,0,1,1
1033,0,1,0,0,0,0,0,0,0
1034,0,0,0,0,0,0,0,0,0
1035,0,1,0,0,0,1,0,1,1
1036,1,1,1,0,1,1,1,1,1
1037,1,1,1,1,1,1,1,1,1
1038,0,0,0,0,0,0,0,0,0
1039,1,1,1,0,0,1,0,1,1
1040,0,1,0,0,0,1,0,1,1
1041,0,0,0,0,0,0,0,0,0
1042,1,1,1,1,1,1,1,1,1
1043,0,1,0,0,0,1,1,1,1
1044,1,1,1,1,1,1,1,1,1
1045,1,1,1,1,1,1,1,1,1
1046,1,1,,1,,1,1,1,1
1047,0,1,1,1,1,1,1,1,1
1048,0,0,0,0,0,0,0,0,0
1049,0,0,0,0,0,0,0,0,0
1050,0,1,0,0,0,1,0,1,0
1051,0,1,1,0,0,1,0,1,1
1052,1,1,1,0,1,0,0,1,1
1053,0,0,0,0,0,0,0,0,0
1054,0,1,0,0,0,0,0,1,0
1055,0,1,1,0,1,1,0,1,1
1056,1,0,0,1,1,0,1,0,0
1057,0,0,0,0,0,0,0,0,0
1058,0,0,1,1,0,0,0,0,0
1059,1,1,0,0,0,1,0,1,1
1060,1,1,0,0,0,1,0,1,1
1061,1,1,1,0,1,1,1,1,1
1062,0,0,0,0,0,0,0,0,0
1063,0,0,0,0,0,0,0,0,0
1064,0,1,0,0,0,1,1,1,0
1065,0,1,0,0,0,1,1,1,0
1066,0,1,0,0,0,1,1,1,0
1067,0,1,0,1,1,1,1,1,1
1068,0,0,0,0,0,0,0,0,0
1069,0,0,0,0,0,0,0,0,0
1070,1,1,1,1,1,1,1,1,1
1071,0,1,0,0,0,1,0,1,1
1072,0,1,0,0,0,1,0,1,1
1073,0,1,0,0,0,1,0,1,1
1074,0,1,1,0,1,1,0,1,1
1075,0,1,1,0,1,1,0,1,1
1076,1,0,1,1,1,0,1,0,0
1077,0,1,1,0,0,1,0,1,0
1078,0,0,0,0,0,0,0,0,0
1079,0,0,0,0,0,0,0,0,0
1080,0,1,0,0,0,0,0,1,1
1081,0,0,0,0,0,0,0,0,0
1082,0,1,0,0,0,0,0,0,0
1083,0,0,0,0,0,0,0,0,0
1084,0,0,0,0,0,0,0,0,0
1085,0,0,0,0,0,0,0,0,0
1086,0,0,0,0,0,0,0,0,0
1087,0,,0,0,0,0,0,0,
1088,0,0,0,0,0,0,0,0,0
1089,0,1,0,0,0,0,0,1,1
1090,0,0,0,0,0,0,0,0,0
1091,0,0,0,0,0,0,0,0,0
1092,0,0,0,0,0,0,0,0,0
1093,0,1,0,0,0,0,0,0,0
1094,0,0,0,0,0,0,0,0,0
1095,0,0,0,0,0,0,0,0,0
1096,0,0,,0,0,0,0,0,0
1097,0,1,0,0,0,0,0,0,0
1098,,,,,,,,,
1099,0,0,0,0,0,0,,,0
1100,0,1,0,0,0,1,0,1,1
1101,0,0,0,0,0,0,0,0,0
1102,0,0,0,0,0,0,0,0,0
1103,0,0,0,0,0,0,0,0,0
1104,1,1,0,0,1,1,0,1,1
1105,1,1,0,0,1,1,0,1,1
1106,0,1,0,0,0,0,0,0,1
1107,0,1,0,0,0,0,0,0,1
1108,0,1,0,0,0,0,0,0,1
1109,0,1,0,0,0,0,0,0,0
1110,0,0,0,0,0,0,0,0,0
1111,1,1,1,1,1,1,1,1,0
1112,1,1,1,1,1,1,1,1,0
1113,0,1,1,0,0,1,0,1,1
1114,1,1,1,1,1,1,0,1,1
1115,0,0,0,0,0,0,0,0,0
1116,0,1,0,0,0,0,0,0,0
1117,0,1,0,0,0,0,0,0,0
1118,1,1,1,1,1,1,1,1,1
1119,1,1,1,0,1,1,0,1,1
1120,1,1,1,0,1,1,0,1,1
1121,0,1,1,0,0,1,0,1,1
1122,0,1,1,0,0,1,0,1,1
1123,0,1,1,0,0,1,0,0,0
1124,0,1,1,0,0,1,0,0,0
1125,1,1,1,1,1,1,1,1,1
1126,0,0,0,0,0,0,0,0,0
1127,0,1,0,0,0,1,0,1,1
1128,0,1,0,0,0,1,0,1,1
1129,0,1,0,0,0,0,0,1,1
1130,1,1,1,1,1,1,1,1,1
1131,0,1,0,1,0,1,1,1,0
1132,0,0,0,0,0,0,0,0,0
1133,0,0,0,0,0,0,0,0,0
1134,0,0,0,0,0,1,0,1,1
1135,0,1,1,0,0,1,0,1,1
1136,1,1,0,1,1,1,0,1,1
1137,1,1,0,1,1,1,0,1,1
1138,1,1,0,1,1,1,0,1,1
1139,1,1,0,1,1,1,0,1,1
1140,0,1,0,0,0,0,1,0,0
1141,0,0,0,0,0,0,0,0,0
1142,1,1,1,0,1,1,0,1,1
1143,0,0,0,0,0,0,,0,0
1144,0,0,0,1,0,0,1,1,0
1145,0,0,0,0,0,0,0,1,1
1146,1,1,1,1,1,1,1,1,1
1147,1,1,1,1,1,1,1,1,1
1148,0,0,0,0,0,0,0,0,0
1149,0,0,0,0,0,0,0,0,0
1150,,,,,,,,,
1151,1,1,1,1,1,1,1,1,1
1152,0,1,0,0,0,1,0,1,1
1153,0,1,0,0,0,1,0,1,1
1154,1,0,1,0,0,1,0,1,1
1155,0,0,0,0,0,0,0,0,0
1156,1,1,1,1,1,1,1,1,1
1157,0,0,0,0,0,0,0,0,0
1158,0,1,0,1,0,1,1,1,1
1159,1,0,1,0,1,0,0,0,0
1160,1,1,1,1,1,1,1,1,1
1161,1,1,1,1,1,1,1,1,1
1162,0,0,0,0,0,0,0,0,0
1163,0,0,0,0,0,0,0,0,0
1164,,,,,,,,,
1165,1,1,1,0,0,1,0,1,1
1166,1,1,1,0,0,1,0,1,1
1167,1,1,1,0,0,1,0,1,1
1168,0,1,0,0,1,0,0,1,0
1169,0,1,,0,1,1,0,1,1
1170,0,0,1,0,0,0,0,0,1
1171,0,0,0,0,0,0,0,0,0
1172,0,1,1,1,0,1,0,1,1
1173,1,1,1,0,1,1,0,1,1
1174,1,1,1,1,1,1,1,1,
1175,1,1,1,1,1,1,1,1,1
1176,0,0,0,0,0,0,0,0,0
1177,1,1,1,1,1,1,0,1,1
1178,1,1,1,1,1,1,0,1,1
1179,1,1,1,1,1,1,1,1,1
1180,1,1,1,1,1,1,1,1,1
1181,0,1,1,0,1,1,1,0,0
1182,0,1,1,0,1,1,1,0,0
1183,1,1,1,1,1,1,1,1,1
1184,1,1,1,1,1,1,1,1,1
1185,0,,0,0,0,0,0,0,0
1186,,,,,,,,,
1187,0,0,0,0,0,0,0,0,0
1188,0,0,0,0,0,0,0,0,0
1189,0,0,0,0,0,0,0,0,0
1190,0,0,0,1,0,0,1,0,0
1191,0,0,0,1,0,0,1,0,0
1192,1,1,0,0,1,1,0,1,1
1193,1,1,0,0,1,1,0,1,1
1194,0,1,0,0,0,1,0,1,0
1195,0,1,0,0,0,1,0,1,0
1196,0,1,0,0,0,1,0,1,0
1197,0,1,0,0,0,1,0,1,0
1198,0,1,0,0,0,1,0,1,0
1199,0,1,0,0,0,1,0,1,0
1200,0,1,1,0,0,1,0,1,1
1201,0,1,1,0,0,1,0,1,1
1202,0,1,1,0,0,1,0,1,1
1203,1,0,1,0,1,1,0,0,1
1204,1,0,1,0,1,0,1,0,0
1205,0,1,0,0,0,1,0,1,1
1206,1,1,1,0,1,1,0,1,1
1207,0,1,1,0,1,1,0,1,1
1208,0,1,1,0,0,1,0,1,1
1209,0,0,1,0,1,0,0,0,1
1210,0,0,0,0,0,0,0,0,0
1211,0,1,0,0,0,0,0,0,0
1212,0,0,0,0,0,0,0,0,0
1213,0,0,0,0,0,0,0,0,0
1214,0,0,0,0,0,0,0,0,0
1215,0,0,0,0,0,0,0,0,0
1216,0,0,0,0,0,0,0,0,0
1217,0,0,0,0,0,,0,0,
1218,0,1,1,0,1,1,1,1,1
1219,0,,0,0,0,0,0,0,
1220,0,1,1,0,0,1,0,1,1
1221,0,1,1,0,0,1,0,1,1
1222,0,1,1,0,0,1,0,1,1
1223,0,1,1,0,0,1,0,1,1
1224,0,1,1,0,0,1,0,1,1
1225,0,0,0,0,0,0,0,0,0
1226,0,1,1,0,0,1,0,1,1
1227,0,1,1,0,0,1,0,1,1
1228,0,1,1,0,0,1,0,1,1
1229,0,1,1,0,0,1,0,1,1
1230,0,1,1,0,0,1,0,1,1
1231,0,0,0,0,0,0,0,0,0
1232,0,1,1,0,0,1,0,1,1
1233,0,1,1,0,0,1,0,1,1
1234,0,1,1,0,0,1,0,1,1
1235,0,1,1,0,0,1,0,1,1
1236,0,1,1,0,0,1,0,1,1
1237,0,0,0,0,0,0,0,0,0
1238,0,1,1,0,0,1,0,1,1
1239,0,1,1,0,0,1,0,1,1
1240,0,1,1,0,0,1,0,1,1
1241,0,1,1,0,0,1,0,1,1
1242,0,1,1,0,0,1,0,1,1
1243,0,0,0,0,0,0,0,0,0
1244,0,1,1,0,0,1,0,1,1
1245,0,1,1,0,0,1,0,1,1
1246,0,1,1,0,0,1,0,1,1
1247,0,1,1,0,0,1,0,1,1
1248,0,1,1,0,0,1,0,1,1
1249,0,0,0,0,0,0,0,0,0
1250,0,1,1,0,0,1,0,1,1
1251,0,1,1,0,0,1,0,1,1
1252,0,1,1,0,0,1,0,1,1
1253,0,1,1,0,0,1,0,1,1
1254,0,1,1,0,0,1,0,1,1
1255,0,0,0,0,0,0,0,0,0
1256,0,1,1,0,0,1,0,1,1
1257,0,1,1,0,0,1,0,1,1
1258,0,1,1,0,0,1,0,1,1
1259,0,1,1,0,0,1,0,1,1
1260,0,1,1,0,0,1,0,1,1
1261,0,0,0,0,0,0,0,0,0
1262,0,1,1,0,0,1,0,1,1
1263,0,1,1,0,0,1,0,1,1
1264,0,1,1,0,0,1,0,1,1
1265,0,1,1,0,0,1,0,1,1
1266,0,1,1,0,0,1,0,1,1
1267,0,0,0,0,0,0,0,0,0
1268,0,1,1,0,0,1,0,1,1
1269,0,1,1,0,0,1,0,1,1
1270,0,1,1,0,0,1,0,1,1
1271,0,1,1,0,0,1,0,1,1
1272,0,1,1,0,0,1,0,1,1
1273,0,0,0,0,0,0,0,0,0
1274,0,1,1,0,0,1,0,1,1
1275,0,1,1,0,0,1,0,1,1
1276,0,1,1,0,0,1,0,1,1
1277,0,1,1,0,0,1,0,1,1
1278,0,1,1,0,0,1,0,1,1
1279,0,0,0,0,0,0,0,0,0
1280,0,1,1,0,0,1,0,1,1
1281,0,1,1,0,0,1,0,1,1
1282,0,1,1,0,0,1,0,1,1
1283,0,1,1,0,0,1,0,1,1
1284,0,1,1,0,0,1,0,1,1
1285,0,0,0,0,0,0,0,0,0
1286,0,1,1,0,0,1,0,1,1
1287,0,1,1,0,0,1,0,1,1
1288,0,1,1,0,0,1,0,1,1
1289,0,1,1,0,0,1,0,1,1
1290,0,1,1,0,0,1,0,1,1
1291,0,0,0,0,0,0,0,0,0
1292,1,1,1,0,1,1,0,1,1
1293,1,1,1,0,1,1,0,1,1
1294,1,1,1,0,1,1,0,1,1
1295,1,1,1,0,1,1,0,1,1
1296,1,1,1,0,1,1,0,1,1
1297,1,1,1,0,1,1,0,1,1
1298,1,1,1,0,1,1,0,1,1
1299,1,1,1,0,1,1,0,1,1
1300,1,1,1,0,1,1,0,1,1
1301,1,1,1,0,1,1,0,1,1
1302,1,1,1,0,1,1,0,1,1
1303,1,1,1,0,1,1,0,1,1
1304,0,0,0,0,0,0,0,0,0
1305,1,1,1,1,1,1,1,1,1
1306,0,1,0,0,0,1,0,1,1
1307,1,1,1,1,1,1,1,1,1
1308,0,0,0,0,0,0,0,0,0
1309,0,1,0,0,0,1,0,1,0
1310,1,1,1,1,1,1,1,1,1
1311,0,0,0,0,0,0,0,0,0
1312,0,1,1,0,0,1,0,1,1
1313,0,1,1,0,0,1,0,1,1
1314,1,1,1,1,1,1,1,1,1
1315,0,0,0,0,0,0,0,0,0
1316,0,0,0,0,0,0,0,0,0
1317,0,1,1,0,0,1,0,1,1
1318,1,1,1,0,0,1,0,1,1
1319,0,1,0,0,0,0,0,1,1
1320,1,1,0,0,1,1,1,1,
1321,1,1,1,0,1,1,0,1,1
1322,1,1,1,0,1,1,0,1,1
1323,0,0,0,0,0,0,0,0,0
1324,0,0,0,0,0,0,0,0,0
1325,1,1,1,1,1,1,1,1,1
1326,0,1,0,0,0,0,0,0,0
1327,1,1,1,1,1,1,1,1,1
1328,0,0,0,0,0,0,0,0,0
1329,0,0,0,0,0,0,0,0,0
1330,1,1,1,1,1,1,1,1,1
1331,0,1,0,0,0,0,0,0,0
1332,0,1,0,0,0,0,0,0,0
1333,0,1,0,0,0,0,0,0,0
1334,0,0,0,0,0,0,0,0,0
1335,1,1,1,1,1,1,1,1,1
1336,0,1,0,0,0,1,0,1,0
1337,0,0,0,1,0,1,0,0,0
1338,0,0,0,,0,,0,0,0
1339,0,0,0,0,0,0,0,0,0
1340,0,0,0,0,0,1,0,0,0
1341,0,1,0,0,0,1,0,1,1
1342,0,1,0,0,0,1,0,1,1
1343,0,1,1,0,1,1,1,1,1
1344,1,1,1,1,1,1,1,1,1
1345,1,1,1,1,1,1,1,1,1
1346,0,1,0,0,1,1,0,0,0
1347,1,1,1,0,1,1,0,1,1
1348,0,0,0,0,0,0,0,0,0
1349,0,0,0,0,0,0,0,0,0
1350,1,1,1,0,1,1,0,1,1
1351,0,1,0,0,0,1,1,1,1
1352,0,1,1,0,0,1,0,1,1
1353,0,1,1,0,0,1,0,1,1
1354,0,1,1,0,0,1,0,1,1
1355,0,1,1,0,0,1,0,1,1
1356,0,1,0,0,0,1,0,1,1
1357,1,1,1,1,1,1,1,1,1
1358,1,1,1,1,1,1,1,1,1
1359,0,1,0,0,0,1,0,0,0
1360,1,1,1,1,1,1,1,1,1
1361,0,1,0,0,0,1,0,1,1
1362,0,1,1,1,0,1,0,1,1
1363,1,1,1,1,1,1,1,1,1
1364,0,0,0,0,0,0,0,0,0
1365,0,0,0,0,0,0,0,0,0
1366,0,0,0,0,0,0,0,0,0
1367,0,0,0,,0,0,0,0,0
1368,0,0,0,0,0,0,0,0,0
1369,0,0,0,0,0,0,0,0,0
1370,0,0,0,0,0,0,0,0,0
1371,0,1,1,0,0,1,0,1,1
1372,1,1,1,1,1,1,0,1,1
1373,0,0,,0,0,0,0,0,0
1374,0,1,1,0,1,1,0,1,1
1375,0,1,0,0,0,1,0,1,1
1376,0,1,0,0,0,1,0,1,1
1377,1,1,1,1,1,1,1,1,1
1378,1,1,1,1,1,1,1,1,1
1379,0,0,0,0,0,0,0,1,1
1380,1,1,1,1,1,1,1,1,0
1381,0,1,1,0,1,1,0,1,1
1382,0,1,0,1,0,1,1,1,0
1383,0,1,0,0,0,1,0,1,1
1384,0,0,0,0,0,1,0,1,0
1385,0,1,0,0,0,1,0,1,1
1386,1,0,1,1,1,0,1,0,0
1387,0,1,1,0,1,1,0,1,1
1388,0,1,1,0,1,1,0,1,1
1389,1,1,1,1,1,1,0,1,1
1390,0,1,0,0,1,1,0,1,1
1391,0,1,0,0,0,1,0,1,1
1392,0,,0,0,0,,0,,
1393,0,1,0,0,0,1,1,1,0
1394,0,1,1,0,1,1,0,1,1
1395,0,1,1,0,1,1,0,1,1
1396,1,1,1,,1,1,1,1,1
1397,0,1,0,0,0,0,0,0,0
1398,1,1,1,1,1,1,1,1,1
1399,0,0,0,0,0,0,0,0,0
1400,1,1,1,0,1,1,0,1,1
1401,0,0,0,1,0,0,0,0,0
1402,0,0,0,0,0,0,0,0,0
1403,,,,,,,,,
1404,1,1,1,1,1,1,1,1,1
1405,0,1,0,0,0,1,0,1,0
1406,,0,0,0,0,0,0,0,0
1407,0,1,0,0,0,0,0,1,0
1408,,0,0,0,0,0,0,0,0
1409,0,1,0,0,0,0,0,0,0
1410,0,0,0,0,0,0,0,0,0
1411,0,0,0,0,0,0,0,0,0
1412,0,0,0,0,0,0,0,0,0
1413,1,0,1,0,1,0,0,1,1
1414,0,1,0,1,0,1,1,1,0
1415,1,0,1,0,1,0,0,1,1
1416,0,1,0,1,0,1,1,1,0
1417,0,1,0,0,0,1,0,1,1
1418,0,1,1,1,1,1,0,1,1
1419,0,1,1,1,1,1,0,1,1
1420,,0,0,0,0,1,0,1,0
1421,,1,1,1,1,1,1,1,1
1422,,1,1,1,1,1,1,1,1
1423,0,0,0,0,0,0,0,0,0
1424,0,0,0,0,0,0,0,0,0
1425,0,1,1,1,0,1,1,0,0
1426,,1,1,1,1,1,1,1,1
1427,,1,1,1,1,1,1,1,1
1428,,1,1,0,1,1,0,1,1
1429,0,1,0,0,1,1,0,1,1
1430,,1,1,1,1,1,1,1,1
1431,,1,1,1,1,1,1,1,1
1432,0,0,0,0,0,0,0,0,0
1433,,1,0,1,0,1,1,1,0
1434,0,1,1,1,1,1,0,1,1
1435,0,1,1,1,1,1,0,1,1
1436,1,1,1,1,0,1,1,1,1
1437,0,0,0,0,0,0,0,0,0
1438,0,0,0,0,0,0,0,0,0
1439,0,0,0,0,0,0,0,0,0
1440,,1,0,0,0,1,0,1,0
1441,0,1,1,0,0,1,0,1,1
1442,0,1,0,0,0,0,0,0,0
1443,,1,0,1,0,1,0,1,1
1444,1,1,1,1,1,1,1,1,1
1445,1,1,1,1,1,1,1,1,1
1446,0,1,1,1,1,1,0,1,1
1447,0,0,0,0,0,0,0,0,0
1448,0,1,0,1,1,0,0,1,0
1449,1,1,1,1,1,1,1,1,1
1450,1,1,1,1,1,1,1,1,1
1451,1,1,1,0,1,0,1,0,0
1452,,1,1,0,0,1,0,1,1
1453,0,1,0,0,0,1,0,1,1
1454,0,0,0,1,0,0,1,0,0
1455,0,0,0,1,1,1,0,1,1
1456,0,0,0,1,1,1,0,1,1
1457,0,0,0,1,1,1,0,1,1
1458,0,0,0,1,1,1,0,1,1
1459,0,0,0,1,1,1,0,1,1
1460,0,0,0,1,1,1,0,1,1
1461,1,1,1,1,1,1,1,1,1
1462,0,1,0,0,1,1,0,0,0
1463,0,1,0,0,1,1,0,0,0
1464,0,1,0,0,0,1,0,1,0
1465,1,1,1,0,1,1,0,1,1
1466,1,0,0,1,1,0,1,1,0
1467,1,1,1,1,1,1,1,1,1
1468,1,1,1,1,1,1,1,1,1
1469,1,1,1,1,1,1,1,1,1
1470,1,1,1,0,1,1,0,1,1
1471,0,1,0,1,1,1,0,1,1
1472,0,1,0,1,1,1,0,1,1
1473,0,1,1,0,1,1,0,1,1
1474,0,1,0,0,1,1,1,1,1
1475,1,1,1,1,1,1,0,1,1
1476,0,0,0,0,0,0,0,0,0
1477,1,1,1,1,1,1,1,1,1
1478,0,0,0,0,0,0,0,0,0
1479,0,1,1,0,1,1,0,1,1
1480,0,1,1,0,1,1,0,1,1
1481,1,1,1,1,1,1,1,1,1
1482,1,1,1,1,1,1,1,1,1
1483,1,1,1,1,1,1,1,1,1
1484,0,1,0,0,0,1,0,1,1
1485,0,1,0,0,0,1,0,1,1
1486,0,1,1,0,0,1,0,1,1
1487,0,0,0,0,0,0,0,1,1
1488,1,1,1,1,1,1,1,1,1
1489,1,0,1,0,1,0,0,0,0
1490,0,1,0,0,1,1,0,1,1
1491,0,1,0,0,0,1,0,0,0
1492,1,0,0,1,1,1,1,0,0
1493,1,0,0,1,1,1,1,0,0
1494,1,1,1,1,1,1,1,1,1
1495,1,1,1,0,1,1,0,1,1
1496,1,1,1,0,1,1,0,1,1
1497,0,1,0,0,0,1,0,0,0
1498,0,1,0,0,0,1,0,0,0
1499,0,1,1,0,0,1,0,1,0
1500,0,1,0,0,0,0,0,1,0
1501,0,1,0,0,0,1,0,1,1
1502,0,1,1,0,0,1,0,1,1
1503,0,0,0,0,0,0,0,0,0
1504,0,0,0,1,0,1,0,1,0
1505,0,0,0,1,0,1,0,1,0
